filename,object_location,image_small,image_thumb
NAFO_Banner.jpg,/objects/NAFO_Banner.jpg,/objects/small/nafo_banner_sm.jpg,/objects/thumbs/nafo_banner_th.jpg
Rex_Banner.jpg,/objects/Rex_Banner.jpg,/objects/small/rex_banner_sm.jpg,/objects/thumbs/rex_banner_th.jpg
banner.jpg,/objects/banner.jpg,/objects/small/banner_sm.jpg,/objects/thumbs/banner_th.jpg
hc_access_001.jpg,/objects/hc_access_001.jpg,/objects/small/hc_access_001_sm.jpg,/objects/thumbs/hc_access_001_th.jpg
hc_access_002.jpg,/objects/hc_access_002.jpg,/objects/small/hc_access_002_sm.jpg,/objects/thumbs/hc_access_002_th.jpg
hc_access_003.jpg,/objects/hc_access_003.jpg,/objects/small/hc_access_003_sm.jpg,/objects/thumbs/hc_access_003_th.jpg
hc_access_004.jpg,/objects/hc_access_004.jpg,/objects/small/hc_access_004_sm.jpg,/objects/thumbs/hc_access_004_th.jpg
hc_access_005.jpg,/objects/hc_access_005.jpg,/objects/small/hc_access_005_sm.jpg,/objects/thumbs/hc_access_005_th.jpg
hc_access_006.jpg,/objects/hc_access_006.jpg,/objects/small/hc_access_006_sm.jpg,/objects/thumbs/hc_access_006_th.jpg
hc_access_007.jpg,/objects/hc_access_007.jpg,/objects/small/hc_access_007_sm.jpg,/objects/thumbs/hc_access_007_th.jpg
hc_access_008.jpg,/objects/hc_access_008.jpg,/objects/small/hc_access_008_sm.jpg,/objects/thumbs/hc_access_008_th.jpg
hc_access_009.jpg,/objects/hc_access_009.jpg,/objects/small/hc_access_009_sm.jpg,/objects/thumbs/hc_access_009_th.jpg
hc_access_010.jpg,/objects/hc_access_010.jpg,/objects/small/hc_access_010_sm.jpg,/objects/thumbs/hc_access_010_th.jpg
hc_access_011.jpg,/objects/hc_access_011.jpg,/objects/small/hc_access_011_sm.jpg,/objects/thumbs/hc_access_011_th.jpg
hc_access_012.jpg,/objects/hc_access_012.jpg,/objects/small/hc_access_012_sm.jpg,/objects/thumbs/hc_access_012_th.jpg
hc_access_013.jpg,/objects/hc_access_013.jpg,/objects/small/hc_access_013_sm.jpg,/objects/thumbs/hc_access_013_th.jpg
hc_access_014.jpg,/objects/hc_access_014.jpg,/objects/small/hc_access_014_sm.jpg,/objects/thumbs/hc_access_014_th.jpg
hc_access_015.jpg,/objects/hc_access_015.jpg,/objects/small/hc_access_015_sm.jpg,/objects/thumbs/hc_access_015_th.jpg
hc_access_016.jpg,/objects/hc_access_016.jpg,/objects/small/hc_access_016_sm.jpg,/objects/thumbs/hc_access_016_th.jpg
hc_access_017.jpg,/objects/hc_access_017.jpg,/objects/small/hc_access_017_sm.jpg,/objects/thumbs/hc_access_017_th.jpg
hc_access_018.jpg,/objects/hc_access_018.jpg,/objects/small/hc_access_018_sm.jpg,/objects/thumbs/hc_access_018_th.jpg
hc_access_019.jpg,/objects/hc_access_019.jpg,/objects/small/hc_access_019_sm.jpg,/objects/thumbs/hc_access_019_th.jpg
hc_access_020.jpg,/objects/hc_access_020.jpg,/objects/small/hc_access_020_sm.jpg,/objects/thumbs/hc_access_020_th.jpg
hc_access_021.jpg,/objects/hc_access_021.jpg,/objects/small/hc_access_021_sm.jpg,/objects/thumbs/hc_access_021_th.jpg
hc_access_022.jpg,/objects/hc_access_022.jpg,/objects/small/hc_access_022_sm.jpg,/objects/thumbs/hc_access_022_th.jpg
hc_access_023.jpg,/objects/hc_access_023.jpg,/objects/small/hc_access_023_sm.jpg,/objects/thumbs/hc_access_023_th.jpg
hc_access_024.jpg,/objects/hc_access_024.jpg,/objects/small/hc_access_024_sm.jpg,/objects/thumbs/hc_access_024_th.jpg
hc_access_025.jpg,/objects/hc_access_025.jpg,/objects/small/hc_access_025_sm.jpg,/objects/thumbs/hc_access_025_th.jpg
hc_access_026.jpg,/objects/hc_access_026.jpg,/objects/small/hc_access_026_sm.jpg,/objects/thumbs/hc_access_026_th.jpg
hc_access_027.jpg,/objects/hc_access_027.jpg,/objects/small/hc_access_027_sm.jpg,/objects/thumbs/hc_access_027_th.jpg
hc_access_028.jpg,/objects/hc_access_028.jpg,/objects/small/hc_access_028_sm.jpg,/objects/thumbs/hc_access_028_th.jpg
hc_access_029.jpg,/objects/hc_access_029.jpg,/objects/small/hc_access_029_sm.jpg,/objects/thumbs/hc_access_029_th.jpg
hc_c_a_001.jpg,/objects/hc_c_a_001.jpg,/objects/small/hc_c_a_001_sm.jpg,/objects/thumbs/hc_c_a_001_th.jpg
hc_c_a_002.jpg,/objects/hc_c_a_002.jpg,/objects/small/hc_c_a_002_sm.jpg,/objects/thumbs/hc_c_a_002_th.jpg
hc_c_a_003.jpg,/objects/hc_c_a_003.jpg,/objects/small/hc_c_a_003_sm.jpg,/objects/thumbs/hc_c_a_003_th.jpg
hc_c_a_004.jpg,/objects/hc_c_a_004.jpg,/objects/small/hc_c_a_004_sm.jpg,/objects/thumbs/hc_c_a_004_th.jpg
hc_c_a_005.jpg,/objects/hc_c_a_005.jpg,/objects/small/hc_c_a_005_sm.jpg,/objects/thumbs/hc_c_a_005_th.jpg
hc_c_a_006.jpg,/objects/hc_c_a_006.jpg,/objects/small/hc_c_a_006_sm.jpg,/objects/thumbs/hc_c_a_006_th.jpg
hc_c_a_007.jpg,/objects/hc_c_a_007.jpg,/objects/small/hc_c_a_007_sm.jpg,/objects/thumbs/hc_c_a_007_th.jpg
hc_c_a_008.jpeg,/objects/hc_c_a_008.jpeg,/objects/small/hc_c_a_008_sm.jpg,/objects/thumbs/hc_c_a_008_th.jpg
hc_c_a_009.jpg,/objects/hc_c_a_009.jpg,/objects/small/hc_c_a_009_sm.jpg,/objects/thumbs/hc_c_a_009_th.jpg
hc_c_a_010.jpg,/objects/hc_c_a_010.jpg,/objects/small/hc_c_a_010_sm.jpg,/objects/thumbs/hc_c_a_010_th.jpg
hc_c_a_011.jpg,/objects/hc_c_a_011.jpg,/objects/small/hc_c_a_011_sm.jpg,/objects/thumbs/hc_c_a_011_th.jpg
hc_c_a_012.jpg,/objects/hc_c_a_012.jpg,/objects/small/hc_c_a_012_sm.jpg,/objects/thumbs/hc_c_a_012_th.jpg
hc_c_a_014.jpg,/objects/hc_c_a_014.jpg,/objects/small/hc_c_a_014_sm.jpg,/objects/thumbs/hc_c_a_014_th.jpg
hc_c_a_015.jpg,/objects/hc_c_a_015.jpg,/objects/small/hc_c_a_015_sm.jpg,/objects/thumbs/hc_c_a_015_th.jpg
mainpage-image.jpg,/objects/mainpage-image.jpg,/objects/small/mainpage-image_sm.jpg,/objects/thumbs/mainpage-image_th.jpg
